blurs,time
10,0.193019
20,0.1987015
30,0.1968705
40,0.2039975
50,0.200306
60,0.187724
70,0.200457
80,0.2010895
90,0.2044135
100,0.204623
110,0.2012435
120,0.202847
130,0.2019115
140,0.20349499999999998
150,0.205964
160,0.2033265
170,0.204797
180,0.2057305
190,0.20363900000000001
200,0.2046195
210,0.206903
220,0.21007599999999998
230,0.207853
240,0.212141
250,0.19934049999999998
260,0.213293
270,0.203897
280,0.209538
290,0.2061355
300,0.202971
