blurs,time
10,0.1662331
20,0.16642234
30,0.16716058
40,0.16700474
50,0.16761804
60,0.16825968
70,0.16886378
80,0.16983862
90,0.17066596
100,0.17011208
110,0.17081056
120,0.17084014
130,0.17099242
140,0.17209206
150,0.1720732
160,0.17213082
170,0.17278704
180,0.17289604
190,0.1735535
200,0.17315738
210,0.17497954
220,0.17517604
230,0.1771945
240,0.17687586
250,0.17743612
260,0.17720214
270,0.17902136
280,0.18075096
290,0.18150694
300,0.1822265
